topic,tweetId,tweetContent
Topic-0,825537207494586369,RT @elephantjournal: Donald Trump‚Äôs Muslim Ban Is Cowardly and Dangerous https://t.co/qYI1lLC34M
Topic-0,826520906008780804,So not a Ban- said but just a ban ban! Yes I see now! üòâ https://t.co/47Jm0R2tl6
Topic-0,825371452799086593,RT @FarahPink: FUCK DONALD TRUMP
Topic-0,825171560637964288,I AM AGAINST THE MUSLIM BAN @realDonaldTrump I AM AGAINST THE MUSLIM BAN @realDonaldTrump I AM AGAINST THE MUSLIM BAN #MuslimBan
Topic-0,825201906456870912,fuck trump fuck trump fuck trump fuck trump fuck trump fuck trump fuck trump fuck trump fuck trump fuck trump fuck trump fuck trump fuck tr
Topic-0,826510361528524801,Donald Trump and the Muslim World By Reuben¬†Abati https://t.co/Go4aARlWrZ https://t.co/RiKKIWgXil
Topic-0,825758893246537728,If trump is president I can be president https://t.co/lrHRvt1dFQ
Topic-0,826833121605672960,"RT @Vallmeister: ""Ban. Ban. Ban. Ban. Ban. Ban. Ban.""  Spicer after pressure: ""Its not a ban.""  https://t.co/aalBPSx7Wj"
Topic-0,825712441317326849,DONALD TRUMP‚ÄôS BAN ON MUSLIM ‚Äì WHAT NOW FOR¬†USD? https://t.co/HyBnbky3w9 https://t.co/kUvLrvjrFx
Topic-0,826515679889256448,Do you support President Donald Trump? https://t.co/KYPqMZdNq0
Topic-0,826839480157954050,RT @micknugent: How will President Trump‚Äôs unjust travel ban protect America from these good people?  https://t.co/EFjKarALPv
Topic-0,825412905109745668,Me too! Thank you @POTUS Donald Trump! https://t.co/Tfw1xpJk5r
Topic-0,825840896050499584,RT @cvrlosss5s: How is Donald Trump our president....I honestly don't get it
Topic-0,825419704055558144,"I honestly still can't believe Donald Trump is our president, wtf America"
Topic-0,825159829194940417,President Donald Trump
Topic-0,826110803707301889,Rudy Giuliani: President Trump asked me to create a legal 'Muslim ban'  https://t.co/mUguERyVXB via @philly.com
Topic-0,825546346862030850,Donald trump finessed America lmao
Topic-0,826407844345946113,RT @Salon: White nationalists are overjoyed about President Trump‚Äôs Muslim ban https://t.co/0VawNo8WUh
Topic-0,825515871078592515,RT @eddieftw: Ban donald trump https://t.co/gTxq2UXTUL
Topic-0,825743047170355200,Here's What Republicans Once Said About Trump's Muslim Ban #TrumpMuslimBan  https://t.co/nXGAcQilBp
Topic-0,825506261919789056,RT @pagina710: fuck donald trump i'll say it again  FUCK DONALD TRUMP
Topic-0,826571376035237888,"RT @CultureStorm: This: ""The Muslim Ban Should Not be a Surprise: Donald Trump is the White Nationalist in Chief of the USA"" #Resist‚Ä¶"
Topic-0,826182853461438466,RT @abelenas: Donald Trump may be president but at least we have Abelena üòçüòç https://t.co/fWPU0TjdUm
Topic-0,825821975583084544,RT @texasdemocrats: Donald Trump's Muslim ban is shameful and illegal. We will never stop fighting for respect for all families. https://t.‚Ä¶
Topic-0,825187222173413376,Iraq War Vet Congressman Says He Is Ashamed Trump Is President After Muslim Ban via @politicususa https://t.co/izHp37ccC0
Topic-0,825634121091256322,World leaders condemn Donald Trump's 'Muslim ban' https://t.co/KXW2Ax0CfA
Topic-0,825542215502012416,RT @owillis: Trump: We're gonna ban Muslims America: https://t.co/6g7kS7LzpP
Topic-0,825422518420983812,Fuck Donald trump https://t.co/xh6PqfBcLX
Topic-0,826185604928901120,RT @TelegraphNews: President Donald Trump says travel ban will stop 'bad dudes' entering America https://t.co/l7EnOr4Ccq https://t.co/3F8XI‚Ä¶
Topic-0,825485160384696320,@cenkuygur ¬†https://t.co/cklP1tUuIx¬†read the article TEXAS MOSQUE GETS BURN DOWN AFTER DONALD TRUMP SIGNS MUSLIM BAN!
Topic-0,826046312114163712,RT @Specneedsmom4: Donald Trump‚Äôs Muslim Ban Is Cowardly and Dangerous https://t.co/N6JOAY8xc9
Topic-0,826470817617829893,RT @UvekaR: Tweet me your thoughts on US President Donald Trump‚Äôs decision to ban refugees from Muslim countries. Are you affec‚Ä¶
Topic-0,825919778355191808,FUCK DONALD TRUMP!! https://t.co/x3pyqijneZ
Topic-0,826209046898339840,RT @ACLU: Here is some of the human misery caused by President Trump‚Äôs Muslim ban from those most impacted. https://t.co/Xy5WqiofZg
Topic-0,825452713223688192,RT @LadyThriller69: Fuck Donald Trump.
Topic-0,826194962433839106,Fact Check: The TRUTH About President Trump's 'Muslim Ban' the Liberal Media Won't Tell You https://t.co/QVOPS6Nz1h
Topic-0,825839855863230465,"RT @owillis: ""This is not a Muslim ban"" - Trump #MuslimBan https://t.co/5E5YJEp7SZ"
Topic-0,825907275135066114,RT @TrillSouthside_: Fuck Donald Trump
Topic-0,825694447736328196,These people are all affected by Donald Trump‚Äôs ‚ÄòMuslim ban‚Äô https://t.co/NjQEIw5p1u https://t.co/zOrLDdtdDe
Topic-0,825490923349946368,RT @LeakDump: President Donald Trump's travel ban off to a disturbing start - Newsday -  https://t.co/bS3anlfBIz https://t.co/hNvHOf1P5l
Topic-0,825907539371970562,RT @barenakedislam: DESPICABLE MSNBC invokes the Holocaust as comparable to Donald Trump‚Äôs temporary Muslim immigration ban https://t.co/e5‚Ä¶
Topic-0,825608732960813056,Donald Trump‚Äôs Muslim Ban Is Cowardly and Dangerous https://t.co/7nIFgA7ruJ
Topic-0,826782441801150468,Theresa May FINALLY brands Donald Trump's Muslim ban 'divisive and wrong' https://t.co/YIwq9hBZvS
Topic-0,826323698193936384,"trump may have to back peddle on this muslim ban, because this is one time president trump didn' t think first before signing something"
Topic-0,826274385791172608,RT @Eddieh49: Let Trump go so we can ban his reentry into America. https://t.co/oO2bAdGqK5
Topic-0,826578904831893505,12 amazing ways ordinary Americans turned out against Donald Trump's 'Muslim ban.' https://t.co/BJoSqzlbq4
Topic-0,826804319294992387,RT @VerniceLMT: Mike Hager said his mom would still be alive today if not for the travel ban instituted by President Donald Trump. https://‚Ä¶
Topic-0,825554089568149504,RT @LeakDump: Donald Trump's Muslim Ban Makes Us All Less American - https://t.co/PnToziwpHb -  https://t.co/iJkoZMxKNO https://t.co/8brOql‚Ä¶
Topic-0,825767017584148481,White House Blames President Obama After Muslim Ban Backfires On Trump - PoliticusUSA https://t.co/F9Uc8YW01D #Cla‚Ä¶ https://t.co/YjcXGU1BZP
Topic-0,825770276554145793,White House Blames President Obama After Muslim Ban Backfires On Trump https://t.co/qbBl1T5AdS
Topic-1,825861414589915136,"TRAVEL BAN BACKLASH: Trump defends immigration order amid bipartisan pushback, protests https://t.co/fDEfDR3k9U https://t.co/gnLopQ5wGk"
Topic-1,825878418319368192,@RefugeesIntl Trump says No to Muslim refugees https://t.co/GbQxo6rebu
Topic-1,825801159243767808,RT @l_tepe: Protest against Immigration ban from the Newseum https://t.co/qA30MXMvJe
Topic-1,825521659218165765,RT @SugattiOne: Trump‚Äôs Immigration Ban Is Illegal https://t.co/Is706B1cf9
Topic-1,825455053666394112,Immigration clandestine : Donald Trump tient ses promesses https://t.co/Ha82sBLjTU
Topic-1,826344829101678592,RT @AJStream: Protests erupted over the weekend over US President Trump's executive order on immigration &amp; refugees. @mmbilal bre‚Ä¶
Topic-1,825949092329222144,RT @OccupyNA: Protests Against Trump's Executive Order Don't Let Up https://t.co/MnHShP9Nov
Topic-1,825459092789534720,RT @robmcd85: Trump executive order: Refugees detained at US airports https://t.co/k8pzjFsUc3
Topic-1,825486359938875393,Trump Says Move on Middle East Travel ‚ÄòNot a Muslim Ban‚Äô - Friday‚Äôs executive order suspending refugee resettle... https://t.co/oLpi3oTmdJ
Topic-1,825580152977555457,"RT @AP_Politics: A look at Trump's executive order on refugees, immigration: https://t.co/Ca7klGh2al"
Topic-1,825770532444454912,"International Reactions to Trump Executive Order Restricting Immigration from 7 Muslim Majority Nations  On January 27, 2017, US President ‚Ä¶"
Topic-1,825523290785665031,RT @spectatorindex: BREAKING: Judge blocks deportation of people detained at US airports under President Trump's immigration executive order
Topic-1,825487416915959808,Will Trump's refugee and travel ban be... https://t.co/I02XxfiDfA https://t.co/67EF4M1Imx
Topic-1,825382240557240320,‚ö°Ô∏è ‚ÄúRefugees detained at U.S. airports under Trump's immigration order‚Äù  https://t.co/Gp7RPwOPIz
Topic-1,825832415205601280,Trump ban will unfairly hurt some immigrants https://t.co/b4I4bzgykn https://t.co/Z7L8EUCEbf
Topic-1,825320915630186496,"A look at Trump's executive order on refugees, immigration: https://t.co/3weLQPLtcY"
Topic-1,826508008519823364,BreitbartTexas: Texas Rep: 'Deeply Irresponsible' to Call Trump Executive Order 'Muslim Ban' https://t.co/qX7r7SCcrp
Topic-1,825802631440433152,RT @Scaramucci: Donald Trump‚Äôs Refugee Executive Order: No Muslim Ban -- Separating Fact from Hysteria | National Review pls read  https://‚Ä¶
Topic-1,826696437618446336,RT @Slate: Why it is absolutely correct to call Trump‚Äôs executive order a Muslim ban: https://t.co/OFp3x32HA1 https://t.co/U9pwEMHHsh
Topic-1,825828548019679232,"RT @GMA: WATCH: Crowd amassing in Boston protest of Pres. Trump's immigration order, with sign reading ""No Muslim Ban""‚Ä¶"
Topic-1,826454946384076801,Reverse President Trump‚Äôs Executive Order to Ban Refugees https://t.co/RL0XdOrKz2 #globalcitizen
Topic-1,825776194738077698,"RT @ThisWeekABC: Rep. @sethmoulton says ""no question"" immigration order is a ""Muslim ban"": ""We're not stupid; we see what Trump's up‚Ä¶"
Topic-1,826583392720412672,RT @hrkbenowen: Texas Rep: 'Deeply Irresponsible' to Call Trump Executive Order 'Muslim Ban' https://t.co/FeHBRDF9MY
Topic-1,825556903937921025,Inside the confusion of the Trump executive order and travel ban @CNNPolitics https://t.co/qSirAaq1PH
Topic-1,825525408904908800,Donald Trump‚Äôs Refugee Executive Order: No Muslim Ban -- Separating Fact from Hysteria @nro https://t.co/JrMhEONUvr
Topic-1,825398178908340229,"RT @jaketapper: ""ACLU and Other Groups Challenge Trump Immigration Ban After Refugees Detained at Airports Following Exec Order"" https://t.‚Ä¶"
Topic-1,825607743088230401,Inside the confusion of the Trump executive order and travel ban @CNNPolitics https://t.co/hvIJXzwuhd  The chaos president.
Topic-1,826120622585450496,"RT @CraigRozniecki: ""Trump Advisor's Son Deletes Twitter After Calling Executive Order A 'Muslim Ban'"" - https://t.co/6I1V9DIYS2"
Topic-1,826788993308176384,Gorka Debunks ‚ÄòMuslim Ban': Most Populous Muslim Countries Left Out of Trump Executive Order https://t.co/TYqF8aNbql
Topic-1,826157767333343232,Why Donald Trump's Executive Order On Immigration Looks Like A Muslim Ban https://t.co/eL7yC63zDy https://t.co/egMfujrQBZ
Topic-1,825534627989250048,Trump‚Äôs Immigration Ban Is Illegal https://t.co/wprGZhYGR5
Topic-1,826173793781493760,Reverse President Trump‚Äôs Executive Order to Ban Refugees https://t.co/xsC7iKp1qo #globalcitizen
Topic-1,825396316612104194,RT @petersuderman: Trump's new immigration ban is illegal: https://t.co/wSCpjleYMN
Topic-1,826773369521594368,"RT @AngelaRayner: PM attacks protestors who marched against Trump and his executive order on travel ban, she should be condemning his actio‚Ä¶"
Topic-1,826239547897942016,RT @nytimes: President Trump‚Äôs executive order on immigration: what we know and what we don‚Äôt https://t.co/Vloe6XnS0m
Topic-1,825504626149519361,RT @JoeFreedomLove: Donald Trump's Executive Order Is Not A Muslim Ban | The Daily Caller https://t.co/XyGnStUNjJ
Topic-1,825692405118558208,RT @MaliniP: Inside the confusion of the Trump executive order and travel ban https://t.co/dgrZdCC1fJ
Topic-1,826294761694826497,"RT @mike4193496: President Trump signed a 5 yr lobbying ban. No one can disagree with that executive order. If you do, you're nothing but a‚Ä¶"
Topic-1,826251405178654720,"RT @TheAtlantic: Here's why Trump's immigration order is a ""Muslim ban,"" writes @profepps https://t.co/dZVxcMZZrd https://t.co/Dpu45WQ0ZP"
Topic-1,825712630048305153,Inside the confusion of the Trump executive order and travel ban @CNNPolitics https://t.co/uPO1KEp1YE if you voted for #trump this is on you
Topic-1,825467024218451968,RT @AndreaDMorgan: Trump‚Äôs Immigration Ban Is Illegal https://t.co/scmGFxZmar
Topic-1,825835443484782593,"Despite protests, Trump insists his executive order is ""not a Muslim ban"" https://t.co/T3IBWfDAfu"
Topic-1,825834642368368641,Top Republicans denounced Trump's Muslim ban on the trail. Now they support his executive order. https://t.co/me5JwohFZp via @voxdotcom
Topic-1,825447118022275072,RT @voxdotcom: Top Republicans slammed Trump's Muslim ban on the trail. They support his executive order. https://t.co/OZjx1SJ5nd
Topic-1,826762925733998593,Is this a Muslim ban? Trump's executive order explained | US news | The Guardian https://t.co/zGhOFRKDeQ
Topic-1,825413223851622404,Trump signs executive order for 'extreme vetting' of refugees |  https://t.co/kLpoAPsIVE @theresa_may UK needs ban; Prove you protect us!!!
Topic-1,825394852825268224,‚ö°Ô∏è ‚ÄúRefugees detained at U.S. airports under Trump's immigration order‚Äù  https://t.co/sCXAZSEvHN
Topic-1,826170429958156289,"THR: GW Law Prof Turley: ‚ÄòThe Odds‚Äô Are In Trump‚Äôs Favor On Immigration Order Legal Challenges, ‚ÄòThis Is Not a Muslim Ban‚Äô ‚Ä¶"
Topic-1,825500666697228288,Trump‚Äôs Immigration Ban Is Illegal https://t.co/FnIbmzJIHa
Topic-1,825889231235010561,RT @StopTrump2020: Resistance to Trump's travel ban mounts - we will fight every illegal executive order! #MuslimBan https://t.co/0M56PFbx20
Topic-2,826538731783991296,Trump to Announce Supreme Court Pick Later Tuesday: U.S. President Donald Trump is due to‚Ä¶ https://t.co/iaKRJuxxZD
Topic-2,825713330522296321,This is rowdy...judge going against an executive order. https://t.co/gvQ9BnGJkS
Topic-2,826572588193296385,RT @ColoR_Z_: @Marksman president marksmans first executive order. https://t.co/HpxyBB0e98
Topic-2,826601843471978496,"RT @StevStiffler: when an American says ""Trump is not my president"" https://t.co/hjAAty84sJ"
Topic-2,826759847102263298,"RT @naretevduorp: ""Block Trump's Supreme Court"" https://t.co/r5jlfeMGiB"
Topic-2,826600983664979968,US President Donald Trump nominates federal appeals court judge Neil Gorsuch for associate justice of the Supreme Court.
Topic-2,826888310253563906,"Trump‚Äôs Supreme Court pick, and his (in)famous¬†mother https://t.co/B0j68p0h72 https://t.co/JSoe4ToSqh"
Topic-2,826601033988141056,RT @CNBCnow: BREAKING: President Donald Trump selects federal appeals court judge Neil Gorsuch to fill U.S. Supreme Court vacanc‚Ä¶
Topic-2,826664594466861057,"RT @CNN: Sen. Ted Cruz praises President Donald Trump's Supreme Court nominee Neil Gorsuch, calls him ""an absolute home run""‚Ä¶"
Topic-2,825525706687868928,Federal court halts Trump‚Äôs immigration ban https://t.co/aRfXZMBQzL
Topic-2,826597259122982913,RT @TheGOPReport: President Donald Trump selects Neil Gorsuch for Supreme Court Justice of the United States. So much winning! #SCOTUS
Topic-2,825579557386334208,Indiana‚Äôs U.S. senators react to Trump immigration ban as federal judge blocks part of the executive order https://t.co/PeUNhVi0CA
Topic-2,825538704840212482,Judge Blocks Part of Trump‚Äôs Immigration Order https://t.co/cqFGM0JEUm
Topic-2,825540772640362497,Judge Blocks Part of Trump‚Äôs Immigration Order https://t.co/d8jaUmhEpn
Topic-2,826896887609450496,"More than 14,800 professors in the US signed a petition opposing President Trump‚Äôs Executive Order on immigration. https://t.co/rLahjasZob"
Topic-2,826597850507333632,RT @BBCBreaking: President Donald Trump has chosen Judge Neil Gorsuch as his nominee for the Supreme Court of the United States‚Ä¶
Topic-2,826023415421231104,RT @cnni: Here's how opponents may challenge President Trump's executive order in court https://t.co/7sU3sHwBwF https://t.co/uuwKpkqFdQ
Topic-2,826615697245511681,President Donald Trump nominates Judge Neil Gorsuch to U.S. Supreme Court https://t.co/8xEA41QzXV #chicago
Topic-2,825266041550835712,RT @SBAList: BREAKING: President Trump signs Executive Order to stop tax dollars funding abortion overseas‚Ä¶
Topic-2,826014401832579073,How opponents to Donald Trump's travel ban may challenge the executive order in court https://t.co/FVTGPdosT2 https://t.co/QPqStPgbzw
Topic-2,825495054714286080,RT @nytimes: Workers were enraged that President Trump used the Pentagon as a backdrop to sign the executive order on immigration https://t‚Ä¶
Topic-2,825516990945177602,"#MAGA! https://t.co/Qfe2Yy6Cw4 VERY IMPORTANT! Obama &amp; Congress set the groundwork for so-called 'Muslim Ban'. In Trump's Executive Order,‚Ä¶"
Topic-2,825733870012231682,"RT @nytimes: Who is Ann Donnelly, the federal judge who blocked part of President Trump‚Äôs executive order on immigration? https://t.co/fiw6‚Ä¶"
Topic-2,826122325472849922,#news Trump Signs Executive Order on Regulations: President Donald Trump has signed an‚Ä¶ https://t.co/U2fS8fKBmv
Topic-2,826447253997023233,BREAKING: President Trump to sign executive order on cybersecurity - White House https://t.co/qdvPB1VmN7 #klout #maga
Topic-2,825773162235301888,RT @deray: Four federal judges issue orders blocking parts of Trump‚Äôs executive order on immigration https://t.co/pBjMyMcekE
Topic-2,826597099735248897,President Trump announces Neil Gorsuch as his Supreme Court nominee
Topic-2,826870236976668673,"Who is Neil Gorsuch, Trump's first pick for the Supreme Court? https://t.co/87kOPmbO04"
Topic-2,826799621674565633,Thank you President Trump  for a great nominee for our supreme Court https://t.co/2qHFnO6VZ9
Topic-2,826239757621538817,RT @Trump_EO: BREAKING: President Trump signs Executive Order alerting the media that he knows you are; demands redress as to what he is.
Topic-2,826626451457863681,Trump's executive order on immigration: Is it¬†legal? https://t.co/NPnAb531ik https://t.co/PKEahWXLFf
Topic-2,825537912146055169,"RT @NPR: Federal judge in Brooklyn, N.Y.,  temporarily blocks part of President Trump‚Äôs executive order on immigration."
Topic-2,826803060999651328,@mcdeleve @NaomiAKlein yes... and? obama is not the president. trump is now and this was his executive order.
Topic-2,826032097622106112,RT @CNN: How opponents to Donald Trump's travel ban may challenge the executive order in court https://t.co/QaMSzGiwYh https://t.co/YLd17QI‚Ä¶
Topic-2,825525631215628288,Federal court halts Trump‚Äôs immigration ban https://t.co/bOV3mpAOeV #NeverMyPresident #theResistanse
Topic-2,826176943691296773,President Trump @POTUS Issues Executive Order reducing business regulations to spur jobs growth and make America great again.
Topic-2,825522833627480065,RT @reckless: Federal court halts Trump‚Äôs immigration ban https://t.co/SNMEYYs8qO https://t.co/zvmAnLKNK1
Topic-2,825710948128264192,"RT @michaelianblack: *President issues unconstitutional, racist executive order, thousands protest, judge issues stay*  Trump supporter: ""T‚Ä¶"
Topic-2,825532040099540993,RT @dailydot: BREAKING: Federal court halts Trump's immigration ban https://t.co/rRODoQM1Dn https://t.co/VN7Pkb9NhC
Topic-2,825528755984674819,"A Federal Judge Just Issued A Stay Against Donald Trump's ""Muslim Ban""  https://t.co/jF3cz88aHC"
Topic-2,825653351949942784,Judge Blocks Trump Order https://t.co/TYA33vucpb
Topic-2,825644984334434305,"Federal Judge Blocked Part of Trump's Executive Order on Immigration. And so it begins, block #1 of many to come. https://t.co/MdnNacGTce"
Topic-2,825529708079112192,RT @yashar: A federal judge has granted a stay of Trump's executive order.
Topic-2,825166993066110976,RT @CAIRNational: #MuslimBan: #CAIR to Announce Constitutional Challenge to Trump's 'Muslim Ban' Executive Order | With Bias on the... http‚Ä¶
Topic-2,826597141661487105,RT @BNONews: BREAKING: President Donald Trump nominates Judge Neil Gorsuch to fill vacancy on the U.S. Supreme Court
Topic-2,825532677646323712,Judge Blocks Trump Immigration Order https://t.co/lLzwSOoy98
Topic-2,826572063909478401,RT @TrumpIsTheTrue: Why Trump‚Äôs Executive Orders Have Democrats ‚ÄòReally Panicked‚Äô https://t.co/uDprxLI2d4 https://t.co/OyuKxY65Zq
Topic-2,825711254341812224,Judge Blocks Trump Order ** https://t.co/8uXGamFJYJ
Topic-2,826056483284606977,RT @RemiPerry: Dems plan rally at Supreme Court to protest Trump's executive order  https://t.co/jKAfkSntaI
Topic-2,826468481390485506,RT @BuckyIsotope: PICTURED: President Trump issues an executive order https://t.co/t21Md7tcnu
Topic-3,826602422298619904,RT @WHITEHEAD305: Donald Trump is NOT my president. Obama will forever be my president. ‚ÄºÔ∏è
Topic-3,826879850338099205,@realDonaldTrump You are being used by President Bannon https://t.co/cCrc52MXUr
Topic-3,826448101271482369,RT @Bill1phd: It must have been something else about President Obama that Republicans didn't like.... I wonder what that was. (do‚Ä¶
Topic-3,826862326544490496,RT @Independent: Donald Trump tells Republicans to 'go nuclear' to stop Democrats https://t.co/3W1suSN5WH https://t.co/W719GuI4SV
Topic-3,826884879325548544,Trump's first week in office #GangstaStatus
Topic-3,825392382359244800,RT @juliamacfarlane: Trump's first week in office going well https://t.co/chYWAa39y3
Topic-3,826943322736488452,RT @royalbeat96: I am asking you to believe in yourself again- and I'm asking you to believe in America again. President Donald J. T‚Ä¶
Topic-3,826844693682069504,RT @AP: President Trump says Senate GOP leader should consider 'nuclear' option if Democrats stall his Supreme Court pick. https://t.co/dDS‚Ä¶
Topic-3,826848049116876800,RT @Concap11: @Michael07731349 @realDonaldTrump Well this time they've got a president who is a doer!
Topic-3,827140765394538496,Mafia Donald Trump bluntly tells Mexican president stop 'bad hombres' or he would send U.S. troops into Mexico https://t.co/GrAAhfE5CZ
Topic-3,825345066440986625,"RT @antoniodelotero: ""donald trump is the president you have to respect him""   me: https://t.co/2DPxC3H3IZ"
Topic-3,826497011050426368,Donald Trump might know how to run a business but Trump has know idea how to be president. Give it up Trump let someone else take over.
Topic-3,826974805203234816,RT @aleksa_thomas: hahaha your protest isn't going to stop Trump from being our president hahaha
Topic-3,825847170750414849,President Donald Trump did more in one week than Obama did in 8 years so shut the fuck up.
Topic-3,826080566994956289,"President Trump, we know what you're up to - CNN https://t.co/JlHYE2XMr9"
Topic-3,826147554203226114,"WH Press Secretary Sean Spicer referred to President Donald Trump's Supreme Court pick as a ""he."" #SCOTUS"
Topic-3,827232343819747328,PRESIDENT DONALD TRUMP ‚Äì INAUGURATION 45th PRESIDENT Time Magazine January¬†2017 https://t.co/NtDbsOwvhq
Topic-3,826102129895014402,"It's only been a Week, but I've already had enough of Trump's Presidency - TPM https://t.co/aov2NTywI7"
Topic-3,826079149320200195,"Jack Ma on President Donald Trump, ' US should spend money on building America, not wars ' https://t.co/YIBuFpDzcJ #Wirtschaft #Politik #V‚Ä¶"
Topic-3,826025818719666176,How I wish trump Is Nigerian president
Topic-3,826848766338678784,Hillary Clinton Is Set to Release a New Book That Will Reflect on Her Loss to President Donald Trump https://t.co/WN4XGSM7W4
Topic-3,826525372938326016,Donald Trump inauguration: 45th president https://t.co/0fxTNSzQRm via YouTube (via Twitter ‚Ä¶ ‚Ä¶ ‚Ä¶ ‚Ä¶ ‚Ä¶ ‚Ä¶ ‚Ä¶ ‚Ä¶ ‚Ä¶ ‚Ä¶ ‚Ä¶ ‚Ä¶ https://t.co/8vp5SYT3MU)
Topic-3,826955121317683200,"RT @ahmad_deza: America has chosen Donald Trump as their President. Your turn now, Bekasi. https://t.co/owz7csA2vO"
Topic-3,827149145605550081,I think you mean Donald Trump https://t.co/z4uYACiZGk
Topic-3,826063068367040512,RT @CNN: Angry Democrats are pushing Democratic senators to oppose President Donald Trump's Cabinet picks‚Ä¶
Topic-3,825273863923720192,Trump Presidency Already Splitting The GOP https://t.co/XlYnURejcO
Topic-3,826263128249876480,Donald Trump is going to be President for less time than William Henry Harrison
Topic-3,826827308279427072,donald trump s wall #TheMemebot #donald trump s wall #Funny #Meme https://t.co/o9dJY5G4sz https://t.co/hGSRfoEeX7
Topic-3,826599616292466688,@CNN show some respect he's your president. It's president Donald Trump
Topic-3,826283332233203712,"Why doesn't @oreillyfactor refer to Donald Trump as ""President"" instead of ""Mr.""  Seems disrespectful. @realdonldjtrump"
Topic-3,826898951177699329,PRESIDENT DONALD TRUMP ‚Äì INAUGURATION 45th PRESIDENT Time Magazine January¬†2017 https://t.co/WM6OKdFdZj
Topic-3,826569387968602112,RT @theblaze: Trump's first week in office - @JackiDailyShow: https://t.co/7roFOvDfg3
Topic-3,826878201989300224,"RT @meakoopa: Journalists: the only question you may ask Donald Trump going forward is ""Mr President, who was Frederick Douglass?"" https://‚Ä¶"
Topic-3,827060549334740992,"RT @breeeyona: ""Stop saying Donald Trump isn't your president , it's disrespectful""   Me: https://t.co/0WDKPjXyvv"
Topic-3,825185179538857984,RT @onekade: Here are some gifts President Obama left to Donald Trump.
Topic-3,826910879795015681,RT @Veteran4Trump: Presidential: President Donald Trump Pays Respects to Navy SEAL Slain in Yemen. Thank You @realDonaldTrump @POTUS https:‚Ä¶
Topic-3,826876721370533888,RT @beyoncefan666: Is yall ready for trump to become president :(((
Topic-3,825439400494505984,RT @MichelleHux: Donald Trump is going to get us all killed.
Topic-3,826971260991176706,"President Trump Tells Mexico Clear It Up, Or U.S. Troops¬†Will https://t.co/wSd59t9nbv https://t.co/1s4dda0klH"
Topic-3,826395831842504706,RT @DanKaszeta: Unelected President Bannon and his puppet Donald Trump are giving the US Constitution a beating. It needs to beat back.
Topic-3,826905464952627200,"please @SenToomey do not vote to support Betsy DeVos, President Donald Trump's choice for education secretary. Our kids are too important."
Topic-3,826391830493331456,RT @MansoorS8: President Underwood &gt; President Trump
Topic-3,826920635729321987,RT @AP: Steve Bannon's power play in President Donald Trump's Oval Office. By @nbenac and @colvinj . https://t.co/40nRgxR7lV
Topic-3,827123430340304898,ProudlyLiberal2: How Will Democrats Fight President Trump‚Äôs... https://t.co/hhAik7vdxS
Topic-3,827212836137005057,Impeach Donald Trump https://t.co/2judy8HeaX
Topic-3,826845339621658624,"RT @AP: BREAKING: Senate committee approves Ben Carson, President Donald Trump's nominee for housing secretary."
Topic-3,827172759545511936,An Open Letter to President Donald Trump https://t.co/vErx5VQYkp
Topic-3,826611968517738496,RT @LindaSuhler: Imagine if Hillary were nominating a SCOTUS candidate today? I told you we could trust Donald Trump. This President won't‚Ä¶
Topic-3,827011245312188418,NY DAILY NEWS 5/4 2016 GOP FUNERAL PRESIDENT DONALD TRUMP WINS TED CRUZ QUITS https://t.co/NzTnNxMd6O
Topic-3,826795209262563335,RT @DanyelATH13: Menudo racista Donald Trump. OH... WAIT!! https://t.co/bjU7SUs3kI
Topic-4,825993803605565440,Muslims pray in Dallas Airport to protest Donald Trump's ban of seven Muslim countries from entering the US‚Ä¶ https://t.co/EzHEXlT625
Topic-4,825586754803560448,@TheMasterBucks Trump never banned all Muslims.
Topic-4,825437848639774720,RT @CGBPosts: Donald Trump should be banned instead https://t.co/ZWnTRBqO2V
Topic-4,826489276766547968,RT @FactCheck: FactCheck: Obama and Trump on refugees... https://t.co/EcRuoiDNQQ https://t.co/i5OZQ7fErl
Topic-4,827250698127601664,But but trump banned refugees right? üôÑ https://t.co/URrUDRr8qq
Topic-4,826043355125608450,What it's like in the 7 countries on Trump's travel ban list: Trump's executive order on immigration bars citizens‚Ä¶ https://t.co/5L2foS00b6
Topic-4,825696117094510593,"RT @Uzair_Here: Irani President Ban U.S from entering in Iran, after trump ban Muslims in America. All Muslim states should follow‚Ä¶"
Topic-4,825754510165315584,Why those 7 countries?   Ask OBAMA   #muslimban https://t.co/kH8rKyuDel
Topic-4,825671894980403201,"RT @PrisonPlanet: The ""Muslim ban"" list (which is not a Muslim ban) was created by Obama. https://t.co/ZhI1e86xq0"
Topic-4,826862565598908419,@TanyaKasim @The45Storm A Muslim ban would have banned all Muslims
Topic-4,825385986033119236,Trump Bars Refugees and Citizens of 7 Muslim Countries  https://t.co/p3vrHFCdyQ
Topic-4,825715754829950977,RT @itvnews: 'Muslim ban': Where Trump and Baghdadi's interests may well collide https://t.co/Zgd3C24ft3 by @RohitKachrooITV https://t.co/A‚Ä¶
Topic-4,826150754473762816,"RT @DeityFree: Trump says US will prioritize Christian refugees. So, yes, it's a Muslim ban, not a ""travel ban.""  https://t.co/MDYoOa3O84"
Topic-4,825643658942758913,"RT @shelocs: üòÇüò≠üò≠RT @kennagq: "" This is not a Muslim ban , we are just banning Muslims "" https://t.co/6VJfS8KMuR"
Topic-4,825715477993381888,RT @TrumpUSAforever: What's the BEST part of Trump's Executive Order to ban travel from refugees and 7 Muslim/Arab countries? #ExtremeVetti‚Ä¶
Topic-4,826937375196590080,#cnnSen JKennedy the 7 Countries you Banned have O Terrorist . Saudi Arabia had 15 Terrorist attack USA. No Ban b/c Con-man Trump Business
Topic-4,826091786737111040,The 7 countries banned by Trump https://t.co/BreIHsCIui https://t.co/3s75mRDYXA
Topic-4,826520260073263105,"@TSM_Leffen not really a Muslim ban, but a ban on the 7 countries Obama had banned. Obama turned away 110,000 refugees in 2011. There's more"
Topic-4,825954586858967041,@kelsie_nguyen yes it is because Muslims are being banned not all of them but Muslims are being banned because they are Muslim
Topic-4,"8,25778E+17",RT @BluegrassPundit: Indonesia is the world's largest Muslim country. They and many other Muslim countries are not on Trump's ban list. The‚Ä¶
Topic-4,826786845837115393,"RT @varietyofwords: Jordan is NOT on Trump's list of seven countries so, please, tell me again how this isn't a ban on Muslim immigrant‚Ä¶"
Topic-4,826196711441784832,"@C0nservativeGal  Shouldn't it be ""Terrorist Ban"" instead of Muslim ban?"
Topic-4,825848575850471424,Protests spread over Trump travel ban on Muslim majority countries ‚Äì live https://t.co/JpsmypuY2x üëà see here üá∫üá∏ RT üîÅ https://t.co/Rd7hYxWt9I
Topic-4,825482337605476353,RT @sherlockmichael: Trump‚Äôs Immigration Ban Excludes Countries With Business Ties  https://t.co/YEYJ2YKYNb
Topic-4,825440528766472193,RT @paulkrugman: Trump‚Äôs Immigration Ban Excludes Countries With Business Ties  https://t.co/N4jprWP027 https://t.co/Y3062BK5o7
Topic-4,825835464431169536,"RT @6bird4: ""It's not a Muslim ban. It's seven countries.""  https://t.co/TwPcHV32LU"
Topic-4,825582636009713669,RT @amyharvard_: Donald Trump didn‚Äôt come up with the list of Muslim countries he wants to ban. Obama did. https://t.co/7AcwKFNtcB via @Mic
Topic-4,826664653191249920,RT @MarcsandSparks: Bannon: We're going to ban all Muslims Trump: But I have business in Muslim countries Bannon: We'll exclude those Trump‚Ä¶
Topic-4,826572370106281984,RT @CGTNOfficial: Does Trump's travel ban enrage all in the Muslim world? Not necessarily https://t.co/fObHcn69sg https://t.co/xDkhmSVMX8
Topic-4,825252363913027584,RT @JamesMelville: Trump‚Äôs Muslim immigration ban does not include countries where he has done business or pursued potential deals. https:/‚Ä¶
Topic-4,825397570738466816,"RT @Birol_Akgun: Trump's immigration ban on 7 muslim countries carries islamophobia from society level to ""state level"". Very dangerous dev‚Ä¶"
Topic-4,825551128368541696,RT @CriticalReading: Donald Trump didn‚Äôt come up with the list of Muslim countries he wants to ban. Obama did. https://t.co/Y5BaHAc4za #Mus‚Ä¶
Topic-4,826560017868271616,Why Isn‚Äôt Saudi Arabia on Trump‚Äôs List of Banned Muslim Countries? https://t.co/M3NduHDFyw https://t.co/HqyWMqxCZF
Topic-4,825574322894839809,RT @vioslatte: trump basically banned everyone everything why didn't he ban himself tbh
Topic-4,826501071140851712,"RT @YourAnonNews: Oh ok, so it's not a muslim ban, it's not a travel ban. So what is it after all?"
Topic-4,827006996465348610,RT @CarmineZozzora: Trump's EO banning the 7 countries already specified under Obama's current law is not a ban on all Muslims.  Fake n‚Ä¶
Topic-4,825330042414702592,President Trump's Muslim ban excludes countries linked to his sprawling business empire https://t.co/eVQ43DrWKX https://t.co/dZ2EdlEKiX
Topic-4,825922089395818496,"Trump's list of ""Muslim"" visa ban countries? They're from Obama https://t.co/kCEWRCBTSS by #wikileaks via @c0nvey"
Topic-4,825985234642542592,RT @Mumtazz_Maneka: Trump's Muslim ban bans people from countries whose citizens have never attacked the United States.   Source:‚Ä¶
Topic-4,825825649793249280,"Trump: Travel Ban Is Not ‚ÄòMuslim Ban,‚Äô Does Not Target Immigrants https://t.co/T2jjl98acM https://t.co/SnXToB2alH"
Topic-4,825960098199543809,"RT @truthjihad: Israel did 9/11 to destroy ""7 countries in 5 years."" Trump's Muslim ban targets almost exactly the same 7 countries‚Ä¶"
Topic-4,826162615953014786,What of those countries that are not in the ban? They are countries he did business with or is still doing business‚Ä¶ https://t.co/gHW9onrOwN
Topic-4,825516261136277506,"Trump banned muslim immigration right? Well, only from the countries he doesn't have business ties with lol. He dgaf about us"
Topic-4,825945959188295680,"RT @GuardianNigeria: Trump‚Äôs decision to ban arrivals from 7 Muslim countries will boost extremism, warns Iranian foreign minister‚Ä¶"
Topic-4,825727511439015938,Trump didn't ban muslims. He just stopped travel from some but not all muslim countries.....  What is wrong with everyone jeez
Topic-4,826160757867941893,Muslim activist: Many Muslims SUPPORT Trump's ban on individuals from terror-linked countries. https://t.co/eRGG469ULn -PrisonPlanet
Topic-4,825931933427388418,RT @apostlelaurinda: Donald Trump didn‚Äôt come up with the list of Muslim countries he wants to ban. Obama did. https://t.co/MAEbblhrrO
Topic-4,825780154165243906,@JesseCosta3 If Trump DIDN'T ban many Muslim countries then how is it a Muslim ban?
Topic-4,826069481428496385,@realDonaldTrump Yes and they all come from countries not on the ban list since that would hurt your business.
Topic-4,825624360929095680,@afneil except that it's Obama's list of countries   https://t.co/DMIexx4vwu
Topic-5,825523437607149569,Reject Trump's Muslim Ban https://t.co/T6hLq4Nnpn @moveon @MPower_Change
Topic-5,825900094495014913,RT @Rigby2017: Heyyy! Heyyy! Trump Says No More Refugees!.........Trump Say No Mo Refu-geeeeeeeeeeeees!. https://t.co/WO61vo5rbO
Topic-5,825772549900533764,RT @domdyer70: Muslim travel ban protest at White House now https://t.co/i5y3pU8pDm
Topic-5,827261670430871552,Donald Trump lied to us about his¬†health https://t.co/eG5IvSODCH
Topic-5,825808771884527616,"On immigration order, it's Donald Trump vs. Kim Kardashian https://t.co/t5Vnl9toXu"
Topic-5,825918847224016898,"RT @chicagotribune: Starbucks to hire 10,000 refugees in response to Trump's executive order https://t.co/1IUQUm9wTo https://t.co/bGjkVXiZXa"
Topic-5,825939218937606146,RT @America1stTrump: Donald Trump Does Detroit #TrumpsArmy https://t.co/RE49IwQJl9
Topic-5,826332569176268800,RT @VanityFair: Will Donald Trump unite the left? https://t.co/0MFiAVlOzF
Topic-5,826058643376324610,RT @BerthaDocHouse: Donald Trump's Muslim ban will prevent the Syrian subjects of doc 'White Helmets' from attending the Oscars https://t.c‚Ä¶
Topic-5,825475576383287296,Reject Trump's Muslim Ban https://t.co/jpIysoRBxT @moveon @MPower_Change
Topic-5,825545310877396994,Reject Trump's Muslim Ban https://t.co/twHsDYmZpp @moveon @MPower_Change
Topic-5,825503275575234560,Reject Trump's Muslim Ban https://t.co/trWFmfHTc3 @moveon @MPower_Change
Topic-5,825544983742730246,Reject Trump's Muslim Ban https://t.co/MlH4APiN0a @moveon @MPower_Change
Topic-5,826201438447546368,"Society's Child: Starbucks plans to hire 10,000 refugees around the world after Trump's travel ban https://t.co/jzjVoshfnL"
Topic-5,825452453172801536,Reject Trump's Muslim Ban https://t.co/f38r8QgOTs @moveon @MPower_Change
Topic-5,825872714049191937,Reject Trump's Muslim Ban https://t.co/Ukei3j5U6X @moveon @MPower_Change
Topic-5,825884353259511809,"Starbucks has a response to President Trump's immigration ban: Hire 10,000 refugees https://t.co/oIRxsl16IF by #TIME via @c0nvey"
Topic-5,826046387620020225,"RT @ajplus: Following President Trump‚Äôs immigration ban, the CEO of Starbucks pledges to hire thousands of refugees. https://t.co/UHbUYRmO3Q"
Topic-5,825720515335770112,Kim Kardashian responds to Donald Trump 'Muslim ban' https://t.co/KkX9gtemoc
Topic-5,826081003194179585,How Trump‚Äôs travel ban could hurt science https://t.co/85e8wuw25t
Topic-5,826553596380577794,RT @PoliticusSarah: White House Falls Apart And Disagrees With Trump That Muslim Executive Order Is A Ban via @politicususa https://t.co/F5‚Ä¶
Topic-5,825458706896867328,Reject Trump's Muslim Ban https://t.co/axunoIDfXR @moveon @MPower_Change
Topic-5,825909615535804418,"RT @DMiliband: Starbucks says it will hire 10,000 refugees over 5 years in response to Trump's travel ban https://t.co/SH8FNvrciM via @bi_c‚Ä¶"
Topic-5,826057070487207936,"RT @guardian: Starbucks vows to hire 10,000 refugees after Trump travel ban https://t.co/QXhn6Jzewd"
Topic-5,825929911793618944,Starbucks to hire 10000 refugees worldwide after Donald Trump's travel ban - Times of India https://t.co/fspy1xC3RN
Topic-5,825954775598526464,"Starbucks CEO Schultz plans to hire 10,000 refugees after Trump ban https://t.co/7cQuNq7WUQ"
Topic-5,825981375899643905,"RT @TheIndyBusiness: Starbucks to hire 10,000 refugees in response to Trump's ban https://t.co/i7MF2BzJKs"
Topic-5,825464495040520193,Reject Trump's Muslim Ban https://t.co/DZg2YHtY8m @moveon @MPower_Change
Topic-5,825906926978338817,"Starbucks says it will hire 10,000 refugees over the next 5 years in response to Trump's travel ban https://t.co/6Je3272wFi"
Topic-5,826609267394256897,RT @ZoeElton: Reject Trump's Muslim Ban https://t.co/BwEf23Ojeq @moveon @MPower_Change
Topic-5,825878036629295104,Reject Trump's Muslim Ban https://t.co/UfPRg3jxjb @moveon @MPower_Change
Topic-5,826078331443372032,I am an American-Pakistani Muslim immigrant and I thank you for publicaly opposing Trump's Muslim ban.
Topic-5,826016436074213376,"RT @HuffPostUK: Starbucks to hire 10,000 refugees in response to Trump‚Äôs Muslim ban https://t.co/Xp0ec5P89d https://t.co/rvHuCUyMVP"
Topic-5,826252613159096326,The Internet Called Donald Trump Out for Watching ‚ÄòFinding Dory‚Äô After His Muslim Ban https://t.co/5vAlQ7GMvd https://t.co/XPa4o1LmeE
Topic-5,826213216057307136,Iraq Votes to Ban Americans in Response to Trump‚Äôs Immigration Order https://t.co/X6YPuB8aq7 https://t.co/Au7j84l9q8
Topic-5,826629219698503682,]Sag Awards turns into protest against Donald Trump's immigration ban (pics) https://t.co/2LP2sYtfak
Topic-5,825851654452965379,"RT @Jezebel: Donald Trump watched ""Finding Dory"" amidst protests over his immigration ban https://t.co/Wc4o4ppcbE https://t.co/i5v0tgu16h"
Topic-5,825772998678474752,RT @EW: Iranian Oscar nominee Asghar Farhadi released a statement addressing President Donald Trump‚Äôs immigration ban. https://t.co/o8QHisF‚Ä¶
Topic-5,825516634408357892,RT @GineokwKoenig: Reject Trump's Muslim Ban https://t.co/4ZTP9Wbs5G @moveon @MPower_Change
Topic-5,825825905620561920,Donald Trump Watches 'Finding Dory' as Second Day of Muslim Ban Protests Spread Across U.S.: Just keep swimming‚Ä¶ https://t.co/M2F6kcOmhO
Topic-5,825702693733822464,Sir Mo Farah: Olympic champion criticises Donald Trump's US travel ban https://t.co/FebfaCPpfI ^BBC
Topic-5,826212943431741440,Iraq Votes to Ban Americans in Response to Trump‚Äôs Immigration Order https://t.co/cZev1P6csD https://t.co/MscbnNkpJ0
Topic-5,826021062399840256,"RT @FashionConscBtc: White House insider: Muslim ban reversal has DONALD TRUMP ""fuming"" and ""FULLY OVERWHELMED""... https://t.co/TOpQp08oXV‚Ä¶"
Topic-5,826093581915926528,"Starbucks vows to hire 10,000 refugees after Trump travel ban | Business | The Guardian https://t.co/WSFdzNQVMI"
Topic-5,825462494370099201,Reject Trump's Muslim Ban https://t.co/VhdZ7xjOwA @moveon @MPower_Change
Topic-5,825937910310514689,"Kim Kardashian West has delivered an insightful response to Donald Trump's 'Muslim ban' with cold, hard... https://t.co/sMv52V5WiF"
Topic-5,825971372480397313,SAG Awards 2017: Winners‚Äô speeches against Donald Trump‚Äôs immigration ban grab attention https://t.co/7I4iv37GEs #TopNews #India
Topic-5,825750399764283392,Reject Trump's Muslim Ban https://t.co/WWg6jqAguZ @moveon @MPower_Change
Topic-5,826823676037304323,RT @PalmerReport: White House insider: Muslim ban reversal has Donald Trump ‚Äúfuming‚Äù and ‚Äúfully overwhelmed.‚Äù https://t.co/stAeF8kduX
Topic-5,825463404529868800,RT @bwonka23: Reject Trump's Muslim Ban https://t.co/bY3QlAdqZU @moveon @MPower_Change
Topic-6,826086204131127296,A petition in the United Kingdom to stop U.S. President Donald Trump's upcoming state visit has gathered almost 1 million signatures.
Topic-6,826180110403457025,Why Donald Trump when you can Trump Donald? https://t.co/MdfBnzd0ns  https://t.co/jHKV1UW6j9 #TrumpDonald - Do this.
Topic-6,825664366196436993,Signed Petition: Prevent Donald Trump from making a State Visit to the United Kingdom. https://t.co/XPlAhfVgqR
Topic-6,826035545344090114,RT @janvanhelmond43: TRUMP VISIT TO UK ... ????? https://t.co/uesV3hznpi
Topic-6,826018189318430720,UK to ban US President! lmao - Petition: Prevent Donald Trump from making a State Visit to the United Kingdom. https://t.co/axdHksRKuq
Topic-6,826413259163107328,RT @MarcSDuffy: Andros Townsend Donald Trump Andros Townsend Donald Trump Andros Townsend Donald Trump Andros Townsend Donald Trump My time‚Ä¶
Topic-6,825849054009634820,RT @treenahasthaal: Petition: Prevent Donald Trump from making a State Visit to the United Kingdom. https://t.co/TnSrrC9mxK Keep signing UK.
Topic-6,826735402719576064,A moment to sign! Retweet please! Petition: Prevent Donald Trump from making a State Visit to the United Kingdom. https://t.co/rK9lDNsMo4
Topic-6,825722008512188416,RT @francetim: UK petition: Prevent Donald Trump from making a State Visit to the United Kingdom. https://t.co/OhuoEwdSoC Please sign and s‚Ä¶
Topic-6,826013101615149057,RT @SocialistVoice: PETITION: Over 1 million people have now signed Prevent Donald Trump from making a State Visit to the United Kingdom ht‚Ä¶
Topic-6,825842263414669313,"Pls sign, beautiful people Petition: Prevent Donald Trump from making a State Visit to the United Kingdom. https://t.co/zRDau1Qbds"
Topic-6,826008122980462592,More than one million people have now signed a petition to prevent Donald Trump from making a state visit to the UK.
Topic-6,825671043541061632,RT @wendybaileypr: #StumpTrump impose ban on Wasp Trump Petition: Prevent Donald Trump from making a State Visit to the United Kingdom. htt‚Ä¶
Topic-6,825772818319151104,"RT @martinplaut: 500,000 UK residents sign petition: Prevent Donald Trump from making a State Visit to the United Kingdom https://t.co/87pI‚Ä¶"
Topic-6,825721610061520899,Petition: Prevent Donald Trump from making a State Visit to the United Kingdom. https://t.co/1qZZS5g38U uk peeps sign the shit out of this!
Topic-6,825704157566922752,Petition: Prevent Donald Trump from making a State Visit to the United Kingdom. https://t.co/XUlzps7H2e
Topic-6,826017979586469889,RT @AngusRobertson: 1m+ people have signed petition to prevent Donald Trump from making a State Visit to the UK. You can sign it here:  htt‚Ä¶
Topic-6,825715385701904384,Petition: Prevent Donald Trump from making a State Visit to the United Kingdom. https://t.co/ncDrAGRhBQ signed
Topic-6,826015559464648704,RT @AlGellion: Petition: Prevent Donald Trump from making a State Visit to the United Kingdom. https://t.co/pwkkJ4sdrP
Topic-6,826376055699206144,Petition: Prevent Donald Trump from making a State Visit to the United Kingdom. https://t.co/h5kainIlrC
Topic-6,826030684129071104,You ask us to sign congestion petition - what are you going to do regard Trump State visit petition?
Topic-6,825684104591073280,Petition: Prevent Donald Trump from making a State Visit to the United Kingdom. https://t.co/0N4q4j0CN4
Topic-6,825735979747176449,Petition: Prevent Donald Trump from making a State Visit to the United Kingdom. https://t.co/r52yyJGaTE
Topic-6,825682422675144704,Petition: Prevent Donald Trump from making a State Visit to the United Kingdom. https://t.co/wqB4eDJpDP
Topic-6,826335056385941505,RT @arrrgishth_: Donald Trump is not my President https://t.co/w8piOD1Dbq
Topic-6,826105401452142593,Why Donald Trump when you can Trump Donald? https://t.co/X7Fgv54bHZ  https://t.co/OCkMqsGb9U #TrumpDonald
Topic-6,826197277698060290,RT @charlottechurch: Sign at will!!!! Petition: Prevent Donald Trump from making a State Visit to the United Kingdom. https://t.co/112QsA5H‚Ä¶
Topic-6,825688114333102081,Petition: Prevent Donald Trump from making a State Visit to the United Kingdom. https://t.co/GfYSPfeszM
Topic-6,826011147048513536,Petition: Prevent Donald Trump from making a State Visit to the United Kingdom. https://t.co/jejWepq5wD
Topic-6,825743525321048066,RT @mariaod64: Petition: Prevent Donald Trump from making a State Visit to the United Kingdom. https://t.co/FJarAmwkDa
Topic-6,825699799672487936,Petition: Prevent Donald Trump from making a State Visit to the United Kingdom. https://t.co/gMCMT8OyHy
Topic-6,825793852753711105,RT @MhairiHunter: Heading for the half million mark&gt; Petition: Prevent Donald Trump from making a State Visit to the United Kingdom. https:‚Ä¶
Topic-6,826130877654659072,"RT @RoryWilton: Over 1,000,000 now! :) Rx Petition: Prevent Donald Trump from making a State Visit to the United Kingdom. https://t.co/Pqn9‚Ä¶"
Topic-6,825748248107347970,Petition: Prevent Donald Trump from making a State Visit to the United Kingdom. https://t.co/VMa7qhlIKa
Topic-6,825695315953061889,RT @BiffBean: Petition: Prevent Donald Trump from making a State Visit to the United Kingdom. https://t.co/vAZiCzjBrO
Topic-6,826055153702883328,RT @dragqueenvibes: Why Donald Trump when you can Trump Donald? https://t.co/bOupy9AoJZ  https://t.co/3wby1qBQGd #TrumpDonald
Topic-6,826093716137984001,Petition: Prevent Donald Trump from making a State Visit to the United Kingdom. https://t.co/8iMGvEPnmO #trumpoff
Topic-6,825817936464064515,"Well done, you lot!   ||  Petition: Prevent Donald Trump from making a State Visit to the United Kingdom. https://t.co/A1xHQahLk1"
Topic-6,826081582003875841,Donald Trump petition: What is a state visit? https://t.co/mZLYTSiK32
Topic-6,825668111705718785,Petition: Prevent Donald Trump from making a State Visit to the United Kingdom. https://t.co/4MMpaPFmAS
Topic-6,825732217469095936,Please sign. I have. https://t.co/U4B2sG32V0 Petition: Prevent Donald Trump from making a State Visit to the United Kingdom
Topic-6,825675023922896898,Petition: Prevent Donald Trump from making a State Visit to the United Kingdom. https://t.co/UPbAjt3qYz #PreventTrump
Topic-6,825988871116746752,RT @lordhankey: This is a Petition to Welcome Donald Trump to the UK please sign. https://t.co/G6Dt0Fstno
Topic-6,825778170242727936,RT @NorwichLeft: Make it a million by 10pm! Petition: Prevent Donald Trump from making a State Visit to the United Kingdom. https://t.co/JM‚Ä¶
Topic-6,825732540417843200,Now at 300K. Top trolling. ‚àÜ‚àÜ‚àÜ‚àÜ Petition: Prevent Donald Trump from making a State Visit to the United Kingdom. https://t.co/KO1nYBw2Qs
Topic-6,825654996142276608,Petition: Prevent Donald Trump from making a State Visit to the United Kingdom. https://t.co/x5q1rhDSr3
Topic-6,826051894741082113,Petition: Prevent Donald Trump from making a State Visit to the United Kingdom. https://t.co/KgMSZmeqhY
Topic-6,826165841381179392,RT @DartboardR: Petition: Prevent Donald Trump from making a State Visit to the United Kingdom. https://t.co/jKsPhgfA8j
Topic-6,825685731997863937,Petition: Prevent Donald Trump from making a State Visit to the United Kingdom. https://t.co/PR0138LaEN
Topic-6,826587540912275456,RT @Naomi_Fowler: UK Parliament forced to debate the ‚ÄúPrevent Donald Trump from making a State Visit to UK‚Äù petition on 20 February  https:‚Ä¶
Topic-7,826758551049732096,ProudlyLiberal2: Murphy on Trump's travel ban: This is... https://t.co/0WCmoeMKzg
Topic-7,825564705330720769,No ban. No wall. No ban. No wall. No ban. No wall. No ban. No wall. No ban. No wall. No ban. No wall. No ban. No wall. No ban. No wall
Topic-7,825937276983140353,RT @jonhabart: DHS ‚Äúwill continue to enforce all of President Trump‚Äôs Executive Orders‚Äù on immigration - https://t.co/hwsAgLYcyP -‚Ä¶
Topic-7,826295491520405505,Trump Trump Trump Trump policy üòéüòéüòé https://t.co/uifKS6klpj
Topic-7,825802769852424192,‚ö° Protests continue across the US over immigration ban  https://t.co/CcL6PWj9ga
Topic-7,826189669222215682,RT @Earthjustice: .@Earthjustice rejects Trump‚Äôs ‚Äútwo for one‚Äù executive order https://t.co/0jkfHQc1Vv https://t.co/D4dc5ndKsO
Topic-7,826190550013456388,RT @PersianRose1: Trump's new immigration policy: https://t.co/ozW1FsKSZn
Topic-7,827030874625499137,Do you agree with President Donald Trump's executive order on immigration? https://t.co/75JeLRN40W
Topic-7,825890112026398725,"RT @zionistblonde: CUSTOMS AGENTS are ignoring ACLU‚Äôs court order, and continue to enforce Trump‚Äôs Muslim travel ban https://t.co/2vIIzeZopP"
Topic-7,826995248203231232,RT @DLizeth12: ‚ö°Ô∏è ‚ÄúObama praises protests against Trump's immigration ban‚Äù  https://t.co/a37KL2Ye5C
Topic-7,826508625090793472,Finally an executive order from Donald Trump that I don't disagree with. https://t.co/617Kpf9AHN
Topic-7,825681671894732803,Lawyers take on Donald Trump's Muslim ban. https://t.co/FxUBSyApfN
Topic-7,826860405540737029,RT @CR: Obama surfaces to slam Trump refugee and travel ban executive order ‚Äì The Buzz w/ @DeneenBorelli  https://t.co/6RtN0vpTAK
Topic-7,826163568051576832,Captain Sully on Trump‚Äôs travel ban: ‚ÄòThis makes us less safe‚Äô - Obama speaks out in wake of Trump order on refugee‚Ä¶ https://t.co/UarSaqD6FF
Topic-7,825537559807692800,Federal judge stays deportations under Trump Muslim country travel ban - the guardian https://t.co/EGBmPDq4h2
Topic-7,826533761521168384,RT @Channel4News: See our @FactCheck Q&amp;A: Trump‚Äôs travel ban https://t.co/fBkTB0bKTG
Topic-7,826127769704792068,Trump travel ban: president defends order amid worldwide controversy √¢¬Ä¬ì live | US news vi‚Ä¶ https://t.co/8BlQi33Obx https://t.co/rTP8xVZilQ
Topic-7,825674503845994497,DHS will continue to enforce Trump's travel ban |  https://t.co/eFrpy56YPe
Topic-7,826518901114753027,"Trump's Immigration Order Is 'Not A Ban On Muslims,' Homeland Security Chief Says‚Ä¶ https://t.co/TKll0EukI4"
Topic-7,826170543195852800,RT @gulf_news: State of Washington sues Trump over immigration ban  https://t.co/SFxdNo6QpZ https://t.co/beoRyInnEi
Topic-7,825542106424889344,"Thank you @ACLU ""Federal judge stays deportations under Trump Muslim country travel ban"" üëèüèªüëèüèºüëèüèΩüëèüèæüëèüèø #TheResistance  https://t.co/bKswCOgPmA"
Topic-7,825619025791049728,DHS will continue to enforce Trump's travel ban https://t.co/lZ4Zdi0Cdk https://t.co/OmQ1RV2IsM
Topic-7,826157847033573376,RT @Nettaaaaaaaa: Barack Obama Praises Protests Against President Trump‚Äôs Immigration Ban:  https://t.co/FfatB7NQ0N
Topic-7,825989370234683392,US judge blocks deportations under Trump's Muslim ban: https://t.co/QGOBrGPrJj
Topic-7,825546640488591360,RT @HuffingtonPost: Federal judge temporarily blocks Trump's Syrian refugee and travel ban https://t.co/Xy4hjY4Z4u https://t.co/k8QY0wWEdA
Topic-7,826911278253760512,BREAKING: Federal Judge Orders Halt to Trump Travel Ban https://t.co/mkiTzfnRhP https://t.co/906gOjOcBx
Topic-7,826299417389051904,RT @businessinsider: ‚ÄòOutraged by this order‚Äô - Read Sergey Brin's speech attacking Trump's immigration ban https://t.co/8DgfpjDvNw https:/‚Ä¶
Topic-7,826138624563388416,Look how many Americans approve of President Trump‚Äôs temporary refugee ban https://t.co/xpqXpVWMtJ https://t.co/R3oUHI3fSw
Topic-7,826461577582833664,Hickenlooper condemns Trump travel ban https://t.co/KylaOFt8a8 https://t.co/1UKs74z1dY
Topic-7,826800980645785601,Most Americans don‚Äôt think President Trump‚Äôs immigration ban will make them safer https://t.co/Jnhh2WRpNA by #TIME via @c0nvey
Topic-7,825599534856298496,#news #on4us #infos Donald Trump‚Äôs ‚ÄòMuslim ban‚Äô live: Federal judge defies President and temporarily BLOCKS ban... https://t.co/s0qDdPVDBN
Topic-7,825530664384655361,Federal judge stays deportations under Trump Muslim country travel ban  https://t.co/vqrMyfa9Ab
Topic-7,825629788379377664,RT @elmar_karpov: DHS will continue to enforce Trump's travel ban https://t.co/0RpcdkeIzd
Topic-7,826169503016947713,RT @people: Barack Obama praises protests against President Trump‚Äôs immigration ban: ‚ÄòAmerican values are at stake‚Äô‚Ä¶
Topic-7,826579701745356800,Obama praises protests against Trump's immigration ban https://t.co/kwnW0jjTj2
Topic-7,826480099599872001,Playback: Trump‚Äôs immigration ban https://t.co/PplW0hZuBC
Topic-7,825797443090522112,Homeland Security: We Will Continue To Enforce Trump's Travel Ban https://t.co/PsLnDnSckO
Topic-7,826153912793133056,RT @BuzzFeed: Obama just spoke out against Trump's travel ban https://t.co/VluHP3Da1c https://t.co/GboBxEwsbk
Topic-7,825619348735795200,RT @FoxNews: DHS will continue to enforce Trump's travel ban https://t.co/RYJ0DSJ91U
Topic-7,826153552070406144,Barack Obama Praises Protests Against President Trump‚Äôs Immigration Ban: ‚ÄòAmerican Values Are at Stake‚Äô https://t.co/TqY3UPG9jY
Topic-7,826105586001526784,RT @guardian: Trump travel ban: president defends order amid worldwide controversy ‚Äì live https://t.co/590zpsxrnq
Topic-7,826199735560192000,"Amid protests and confusion, Trump defends executive order: 'This is not a Muslim ban' https://t.co/TncKlfbM9G HITLER DEFENDED GAS CHAMBERS!"
Topic-7,826910078691270656,BREAKING: Federal Judge Orders Halt to Trump Travel Ban https://t.co/0LlfNVxRbj https://t.co/7vdkzhB404
Topic-7,827284340635639808,RT @dailykos: ACLU demands records on how federal immigration agents implemented Trump's Muslim ban https://t.co/I9Np3Rt8v1
Topic-7,825908151744618497,".@LolaFlowers16, you're a JOKE. Close to 50% of Americans agree with President Trump's temporary immigration ban. https://t.co/8FhjiTKkBS"
Topic-7,825571223295885312,Federal judge stays deportations under Trump Muslim country travel ban | US news | Th‚Ä¶ https://t.co/NR8tq5NaRC ‚ûú‚Ä¶ https://t.co/mzb9i2uMe4
Topic-7,826590585976999936,RT @RealMuckmaker: These Republicans oppose President Trump‚Äôs travel ban https://t.co/trg5quRgBl
Topic-7,826153824700157952,Barack Obama Is ‚ÄòHeartened‚Äô By Protests of Donald Trump‚Äôs Immigration Ban https://t.co/LMaC04yCT6 https://t.co/itPArsFt1m
Topic-7,826107913835982849,Trump travel ban: president defends order amid worldwide controversy ‚Äì live https://t.co/sMDtvk9S4O https://t.co/fg78CDdqku
Topic-7,825677611825238017,RT @VirgPatriot: DHS will continue to enforce Trump's travel ban |  https://t.co/ZFCEuEOLP3
Topic-8,826354622830931969,https://t.co/zXWAqcv0QO President Donald Trump News today
Topic-8,827102765008711680,"RT @canjeelo4lyfe: if we call our president for madaxweyne, what do pakis call their president for? is it SAANweyne https://t.co/1eLw9E5SBc"
Topic-8,827208369186299904,@A_peacemonger from Trump 'to russia with love'? https://t.co/2WlR2fZWin
Topic-8,827244167570993152,"RT @markos: Well, @realDonaldTrump is not really president. Was President Bannon there? https://t.co/aLCdP6kk05"
Topic-8,827270331643555840,Trump continues to question refugee deal after heated call with Australian PM: President Donald Trump on Thursday‚Ä¶ https://t.co/Q69LilTnbT
Topic-8,825508900145393665,RT @lmcall102: @CNNPolitics TRUMP! TRUMP! TRUMP! TRUMP! TRUMP! TRUMP! TRUMP! TRUMP! TRUMP! TRUMP!TRUMP! TRUMP! TRUMP! TRUMP! TRUMP! TRUMP!‚Ä¶
Topic-8,827074814166790147,RT @nekokumicho: President Trump and Australia PM have 'worst call' https://t.co/xGXkBMCzK3
Topic-8,827264371554340868,RT @foxnewsvideo: Trump on refugee deal with Australia: Why are we doing this? | https://t.co/iuSSRZO7IB
Topic-8,827195421390823424,Trump raps Schwarzenegger at National Prayer Breakfast: WASHINGTON (AP) -- President Donald Trump is seeking‚Ä¶ https://t.co/ztsKipxnPC
Topic-8,827191252231782400,World: Refugee deal with US still on after Trump phone call - Turnbull: Australia's prime‚Ä¶ https://t.co/6WIX8fYSJs
Topic-8,825194964879486976,Donald Trump to make phone calls to world leaders https://t.co/hP5wcRziND
Topic-8,825394374674518016,"RT @washingtonpost: President Trump speaks by phone with Russia's Putin, other world leaders https://t.co/Wo8M0oceha"
Topic-8,825430621832962048,RT @LeakDump: Donald Trump Holds Call With Russian President Vladimir Putin - TIME -  https://t.co/bPb73hmwvz https://t.co/iTPRQFfIeN
Topic-8,827203105360113664,THE REAL DONALD TRUMP https://t.co/LRwfop0oKl
Topic-8,827190857996578817,"RT @CNNPolitics: Arnold Schwarzenegger responds to President Donald Trump's prayer breakfast comments: ""Let's switch jobs""‚Ä¶"
Topic-8,825803726149521408,"Day after Putin call, GOP warns Trump on lifting sanctions - A day after Donald Trump's first call as president... https://t.co/G5GE9nraSc"
Topic-8,825663778985541632,"Trump calls to Merkel, Putin, Abe cover gamut - WASHINGTON -- President Donald Trump called Russian President V... https://t.co/EaFnf377PN"
Topic-8,827187225725071360,RT @AP: President Donald Trump says Americans shouldn't worry about his 'tough' phone calls with world leaders. https://t.co/s9rS4czZzd
Topic-8,826780726343380992,The United Arab Emirates‚Äô top diplomat on Wednesday came out in defense of President Donald Trump‚Äôs order tempor... https://t.co/cscPsj9yl9
Topic-8,825386082539859968,RT @AP: Israeli Prime Minister Netanyahu endorses President Donald Trump's plan to build a wall along the Mexican border. https://t.co/LHWE‚Ä¶
Topic-8,827210504116449280,How did Donald trump become president
Topic-8,825222873765834752,WATCH LIVE: President Donald Trump and British Prime Minister Theresa May joint news conference - PBS News Hour - https://t.co/siL7AFr9aD
Topic-8,827152060646879233,Sen. Tim Kaine: President Donald Trump's heated exchange with the Australian PM is... https://t.co/H7fPWOY85E by #CNN via @c0nvey
Topic-8,827092560288034816,President Donald Trump suggested he would back out of a deal to resettle refugees from Australia to the U.S. in ... https://t.co/io3k4e6xSn
Topic-8,825996689295159296,RT @cassianns: donald trump cant cause any more trouble if donald trump is dead https://t.co/B8Qq4PQue9
Topic-8,825541594732376065,RT @nytimes: President Donald Trump and President Vladimir Putin conducted an hourlong telephone call on Saturday https://t.co/ze1SGwLJKx
Topic-8,827270079997890562,RT @LeakDump: President Donald J. Trump Proclaims February As National African American History Month - ...‚Ä¶
Topic-8,827058791912992768,"President Donald Trump could fracture US and Australia's ""great alliance,"" experts say https://t.co/d5qm8BMnK0 https://t.co/dlKZYtKtVq"
Topic-8,827076538013151232,Donald Trump tweets about Australian PM call https://t.co/ThCndzgNEV https://t.co/jcgRhMGIxd
Topic-8,826513343670255616,RT @Darren32895836: Yessss! Big Pharma taking it on the Chin !! President Donald Trump hits hard for lower prices &amp; bringing USA Jobs h‚Ä¶
Topic-8,827142518638772224,@foxandfriends LIVE STREAM: President Donald Trump at National Prayer Breakfast 2/2/17. https://t.co/4jVGKoDSgU
Topic-8,825704912549974016,RT @TRUMPMOVEMENTUS: President Donald Trump- speaking with Australian Prime Minister Malcolm Turnbull from the Oval Office. https://t.co/sh‚Ä¶
Topic-8,826593719130476549,"Donald Tusk: Trump a Threat to Europe, Says EU President https://t.co/QhxlLcSGA8"
Topic-8,827036461450948608,"RT @DrDavidDuke: ""Soon"". - President Donald J. Trump https://t.co/hU4DAX1zx8"
Topic-8,825721467442720769,"Donald Trump looks like rancid, fecal death."
Topic-8,825650877335793666,"RT @NkirukaNistoran: Donald Trump snubs President Buhari, calls other world leaders (SEE list) https://t.co/0H8EyQ9tvk"
Topic-8,827206494336720897,donald trump doesn't even lift
Topic-8,825948060555542528,Washington (CNN)It's been a busy week for President Donald Trump as he settles into the presidency. Here's a look... https://t.co/9rEjmO4a3z
Topic-8,827041670793412608,"RT @B_Covert13: Breaking news: after the protest in Athens, OH, Donald Trump is still president"
Topic-8,825380688639774720,RT @NBAInjuryR3port: Report: Fuck. Donald. Trump.
Topic-8,826972179556241408,The Doctor's World: Donald Trump‚Äôs Longtime Doctor Says President Takes Hair-Growth Drug https://t.co/1qYrMd8GDs
Topic-8,827188093945909250,RT @Independent: Arnold Schwarzenegger had the best response to Donald Trump https://t.co/QA5SaYYAUi
Topic-8,826075915515895808,RT @patrickdehahn: Sky News: European Parliament's chief Brexit negotiator says US President Donald Trump is a threat to the European Union
Topic-8,825753532930412544,Trump calls Putin to jump-start US-relations with Russia: US President Trump and Russian President Putin have agre‚Ä¶ https://t.co/uvcHZPvMeB
Topic-8,825478025840033795,Donald Trump has been president for eight days.
Topic-8,825193001945231362,Donald Trump to make phone calls to world leaders https://t.co/oo9z2DaGrH
Topic-8,826540212364812289,Akon Says President Trump's Got Courage But ... (VIDEO): Donald Trump¬†is America's most courageous¬†president ever .‚Ä¶ https://t.co/NroTzHv5i1
Topic-8,825320139654434816,Donald Trump Is The First President To Turn Postmodernism Against Itself https://t.co/GUmoZHO9u4
Topic-8,827057042913378304,"RT @CNN: President Donald Trump could fracture US and Australia's ""great alliance,"" experts say https://t.co/WGn40uQZhk https://t.co/m47ctm‚Ä¶"
Topic-8,827255446046068736,"RT @FT: The 'failing' New York Times has a message for Donald Trump: 'Not so much, Mr President.' https://t.co/nRCVV2kwmO"
Topic-9,826490384045969412,Trump fires acting attorney general who defied him on travel ban https://t.co/zz2UxyPuq3
Topic-9,826262444603478016,RT @JVER1: üî•üî•                YOUR FIRED‚ÄºÔ∏è‚ÄºÔ∏èüí•üí•‚ö°Ô∏è‚ö°Ô∏è  PRESIDENT TRUMP FIRES Sally Yates üåüüá∫üá∏üåüüá∫üá∏üåüüá∫üá∏ https://t.co/PpfDiWBpfj
Topic-9,826255159097298944,Trump just fired Acting AG Yates
Topic-9,826229276055703552,Acting AG Sally Yates: Justice Department Won‚Äôt Defend Trump‚Äôs Immigration Order - https://t.co/3nfj6MlhHY
Topic-9,826401947154386944,Trump fires acting AG over travel ban https://t.co/r5kc4cOOPW Whizzy_Walexzy
Topic-9,826221378173026306,RT @northjersey: #BREAKING Acting attorney general orders Justice Department not to defend Trump's executive order on immigration https://t‚Ä¶
Topic-9,826258925586616320,LOLOLOL  Trump fires acting A.G.. https://t.co/gSPPN32aik
Topic-9,826290584197414917,RT @USATODAY: President Trump to Acting AG Sally Yates: You're fired. https://t.co/blYZb4XaNQ
Topic-9,826277787375767552,RT @ckswara: TRUMP fires acting AG Sally Yates after she ordered US Justice Department attorneys not to defend his immigration ban
Topic-9,826268828334034944,RT @Democrat_4Trump: BREAKING: President Trump just fired the acting Attorney General. https://t.co/xmJX54A7X7
Topic-9,826266513053143040,RT @NewssTrump: BREAKING! Trump Just Fired The Attorney General https://t.co/B9A3BsHMaW https://t.co/1HH6t32BaS
Topic-9,826216865106116612,RT @BNONews: Acting U.S. Attorney General Sally Yates says the Justice Department will not defend Trump's immigration order in court
Topic-9,826241447917654017,US attorney general orders Justice Department not to defend Trump travel ban https://t.co/NTQ1JNzCnc
Topic-9,826408788064231425,Trump fires acting AG Sally Yates https://t.co/Qipq5JVN1b https://t.co/I711Upq0Li
Topic-9,826257180756148228,"Trump Fires Acting Attorney General, via @nytimes https://t.co/hVRSD8APel"
Topic-9,826264722118959104,RT @mrwalsh8: President Trump fires acting Attorney General Sally Yates for refusal to enforce 'extreme vetting' executive order.
Topic-9,826285660067725322,"RT @mitchellvii: Acting Attorney General Sally Yates, Appointed By OBAMA, Tells Justice Department Not Defend Trump's Refugee Order https:/‚Ä¶"
Topic-9,826281876784558084,Trump has fired the acting attorney general who ordered Justice Dept. not to defend president‚Äôs travel ban https://t.co/8fG6LIgF7j #SahelN‚Ä¶
Topic-9,826309269796560896,Acting Attorney General Out After Refusing To Defend Trump Refugee Ban  https://t.co/fMsFVyaocp
Topic-9,826330719479746561,RT @jodhyanepal: Trump SACKS Attorney General Sally Yates after she told Justice Department NOT to defend his immigrant travel ban so it #T‚Ä¶
Topic-9,826302378563366912,President Donald Trump fires US Attorney General Sally Yates over immigration orders  https://t.co/R8oI0D0vGk
Topic-9,826211810973884417,Acting US AG: 'We Can't Defend This trump Muslim Ban..' https://t.co/PLrzVKhZCt @uannounce @jocksportsguy @douglasinla @rt @Wahrhaftig
Topic-9,826259550533677056,RT @drudgefeed: TRUMP FIRES ACTING ATTORNEY GENERAL https://t.co/kKkaNudGdA
Topic-9,826256660637294593,Trump has fired the acting attorney general who ordered Justice Dept. not to defend president‚Äôs travel ban - WP https://t.co/BGtYJnqbcy
Topic-9,826411040384614400,guardian: Trump fires Sally Yates after acting US attorney general contradicted travel ban https://t.co/gtnj9cjoQf
Topic-9,826255981164142592,President Trump fires Acting Attorney General Sally Yates after she defies immigration order https://t.co/8grVVZ6k7K https://t.co/ioP9w63abZ
Topic-9,826259185612505088,RT @AP_Politics: The Latest: Trump fires acting attorney general over order for Justice attorneys not to defend refugee ban https://t.co/pW‚Ä¶
Topic-9,826257482712485888,RT @WGNNews: BREAKING:  Trump fires acting Attorney General Sally Yates after she orders Justice Dept. lawyers to stop defending refugee ba‚Ä¶
Topic-9,826338353096359937,RT @AaronMSanchez: Trump Fires Acting Attorney General for Refusing to Defend Immigration Order https://t.co/cdCmBpP1pZ
Topic-9,826276059318538241,RT @AnitaDWhite: ‚ö°Ô∏èBOOM.. #You'reFired #SallyYates  #ConfirmSessions  #USConstitution  Trump Fires Acting Attorney General https://t.co/xjB‚Ä¶
Topic-9,826274717111898114,Trump fires acting attorney general https://t.co/NEX6wXcmSk
Topic-9,826426492225613824,RT @wsvn: #BREAKING: Trump fires acting Attorney General Sally Yates after she orders Justice Dept. lawyers to stop defending refugee ban.
Topic-9,826269184833310722,RT @jess4trump: President Trump Fires Acting Attorney General Sally Yates After Defying Immigration Order https://t.co/UhHqLsgChT https://t‚Ä¶
Topic-9,826257277191671808,JUST IN: US President Donald Trump fires acting attorney general who defied him on travel ban. https://t.co/JZys5aCF7F
Topic-9,826285794298064902,"RT @mawilner: Trump fires Acting Attorney General Yates for refusing to defend his refugee ban, slamming her ""weakness,"" and appoints a new‚Ä¶"
Topic-9,826259508582166528,RT @TIME: President Trump fires acting Attorney General Sally Yates after defying immigration order https://t.co/0sEcNH7wgJ
Topic-9,826261345679134721,RT @TheAtlantic: Trump fires acting attorney general for not defending immigration order https://t.co/Qmhs0OgsJg https://t.co/e1sEYFcjFB
Topic-9,826247726765580288,RT @TrumpTide: Poll: Should Trump fire acting Attorney General Sally Yates for not defending immigration ban? see https://t.co/bDlAhtCcEc‚Ä¶
Topic-9,826224024770461696,RT @nypost: Acting Attorney General Sally Yates told the Justice Department not to defend Trump's travel ban https://t.co/zwuwIF0X7W
Topic-9,826257868621963268,"Trump Fires Acting Attorney General, via @nytimes https://t.co/NHpNE94WFk"
Topic-9,826301401294725124,RT @bpolitics: Donald Trump fires acting Attorney General Sally Yates for defying immigration ban https://t.co/qLEvBSixti https://t.co/axny‚Ä¶
Topic-9,826278911428288512,Trump Fires Acting Attorney General Who Defied Him https://t.co/WsfgU1e8Ir
Topic-9,826295936099950593,RT @nytimesworld: Trump fired his acting attorney general after she defiantly refused to defend his immigration travel ban https://t.co/Pv1‚Ä¶
Topic-9,826286406636941312,RT @WNYC: BREAKING: Trump fires acting attorney general for refusing to defend immigration order https://t.co/QdixCVrtBL via‚Ä¶
Topic-9,826275363030306817,‚ö°Ô∏è ‚ÄúTrump fires Attorney General Sally Yates after travel ban refusal‚Äù  https://t.co/11803Ixtdr
Topic-9,826334662104604672,RT @guardian: Trump fires Sally Yates after acting US attorney general contradicted travel ban https://t.co/rLwJrb4bon
Topic-9,826273609828163585,RT @slone: TRUMP FIRES ACTING ATTORNEY GENERAL https://t.co/BVrT4wVRxo
Topic-9,826248234305716225,Acting attorney general orders Justice Department not to defend Trump‚Äôs travel ban https://t.co/nGcthuA4tk
Topic-9,826361694389731329,Trump fires acting attorney general who refused to defend immigration ban https://t.co/O1p3xBHVkm
Topic-9,826230618216288257,Can President Trump Fire Acting Attorney General Sally Yates? https://t.co/9wks1qlVkL https://t.co/Es3LNbgvVb